2.999143302440643311e-01,1.022377237677574158e-01,4.920043647289276123e-01,9.834158420562744141e-01,-1.814524233341217041e-01,-2.270521223545074463e-01
-1.693878024816513062e-01,-9.879383444786071777e-01,4.317743778228759766e-01,-6.905446648597717285e-01,-8.562566041946411133e-01,1.592893600463867188e-01
-3.756343722343444824e-01,-8.986374735832214355e-01,2.376171350479125977e-01,-3.453900218009948730e-01,4.740669429302215576e-01,-9.847028851509094238e-01
-6.181599497795104980e-01,1.536453980952501297e-02,5.585197210311889648e-01,4.403842091560363770e-01,7.610724866390228271e-02,-7.442708015441894531e-01
-6.378839612007141113e-01,-8.636640310287475586e-01,2.735924124717712402e-01,-4.736116826534271240e-01,-6.869681477546691895e-01,-6.020516157150268555e-01
3.453361093997955322e-01,-3.001309633255004883e+00,-1.342779636383056641e+00,-3.344058513641357422e+00,-1.266209006309509277e+00,-3.548952102661132812e+00
-5.959764122962951660e-02,9.419486522674560547e-01,6.336676478385925293e-01,-3.206159472465515137e-01,-1.559512168169021606e-01,-7.083154916763305664e-01
-9.359556436538696289e-02,-4.161455333232879639e-01,1.671187132596969604e-01,1.236659139394760132e-01,-6.251933574676513672e-01,-5.977395176887512207e-01
-3.990827798843383789e-01,7.147908210754394531e-02,4.097751080989837646e-01,-5.455433726310729980e-01,-4.262080788612365723e-01,-1.196322798728942871e+00
-3.493667021393775940e-02,-3.570464253425598145e-02,2.597537338733673096e-01,-8.613608479499816895e-01,-1.043720602989196777e+00,-5.277843475341796875e-01
-5.810100436210632324e-01,5.890382528305053711e-01,-2.920216321945190430e-01,3.661441430449485779e-02,1.045155763626098633e+00,1.486397743225097656e+00
4.580725133419036865e-01,-5.109087944030761719e+00,3.784089565277099609e+00,-8.297007530927658081e-02,5.072377920150756836e-01,2.515213012695312500e+00
1.488275378942489624e-01,1.385231733322143555e+00,3.103286325931549072e-01,4.999899864196777344e+00,-5.975863456726074219e+00,1.136633276939392090e+00
-5.173964053392410278e-02,-7.044575691223144531e+00,-3.579745292663574219e+00,-1.034909009933471680e+00,-1.434722661972045898e+00,-1.200420022010803223e+00
-6.349329948425292969e-01,-1.836425185203552246e+00,2.580180764198303223e-01,-5.926945433020591736e-02,-4.473135992884635925e-02,2.261620610952377319e-01
6.216536462306976318e-02,-6.517791748046875000e-01,1.596948802471160889e-01,-9.080918431282043457e-01,-5.700243115425109863e-01,-6.194375753402709961e-01
-7.201424241065979004e-02,4.570213556289672852e-01,3.433903753757476807e-01,-1.076571419835090637e-01,-2.153140604496002197e-01,-9.868779182434082031e-01
-5.726931691169738770e-01,6.594243049621582031e-01,-1.127200946211814880e-02,-3.693391978740692139e-01,-8.512227535247802734e-01,-6.707748770713806152e-01
-8.296975493431091309e-01,-5.890402793884277344e-01,3.440348058938980103e-02,-1.530495285987854004e-01,-6.441599130630493164e-02,-8.627733588218688965e-01
-4.007490575313568115e-01,3.250549361109733582e-02,6.052895784378051758e-01,1.311750710010528564e-01,-3.678308725357055664e-01,-5.456011891365051270e-01
4.235860705375671387e-01,-1.088268518447875977e+00,1.410855501890182495e-01,-1.818027198314666748e-01,3.483248054981231689e-01,-4.021442532539367676e-01
-8.316624760627746582e-01,1.395241469144821167e-01,-1.302346587181091309e-01,-4.037552475929260254e-01,-3.264991939067840576e-01,-3.819503486156463623e-01
-1.347292959690093994e-01,-5.448946952819824219e-01,7.583214640617370605e-01,-2.803432047367095947e-01,-9.562548995018005371e-01,-2.482689321041107178e-01
2.575723528861999512e-01,-9.203843474388122559e-01,9.128723740577697754e-01,-3.221184015274047852e-02,4.338769987225532532e-02,-2.550219595432281494e-01
1.112209707498550415e-01,-3.934552669525146484e-01,5.090366601943969727e-01,-7.748349010944366455e-02,6.468422412872314453e-01,-4.291742146015167236e-01
-7.732326388359069824e-01,-3.780882805585861206e-02,-2.966917753219604492e-01,4.757742956280708313e-02,-7.231973409652709961e-01,-4.605073630809783936e-01
-5.718733072280883789e-01,-9.793414473533630371e-01,5.331864953041076660e-02,-6.020236015319824219e-01,-2.317673861980438232e-01,2.150462716817855835e-01
1.306544244289398193e-01,-2.492848187685012817e-01,1.209769368171691895e+00,1.804576516151428223e-01,-1.067460104823112488e-01,-9.842089563608169556e-02
-9.578003734350204468e-02,-8.187398314476013184e-01,1.560352444648742676e-01,-4.342342615127563477e-01,-1.042549610137939453e+00,-6.996198892593383789e-01
-2.327938675880432129e-01,6.691086292266845703e-02,4.188205897808074951e-01,-1.537921279668807983e-01,-1.312933444976806641e+00,-8.279509544372558594e-01
-1.155552864074707031e+00,7.832525670528411865e-02,7.042033672332763672e-01,-3.195055425167083740e-01,6.566922068595886230e-01,-9.709209799766540527e-01
-3.179596066474914551e-01,-1.644897609949111938e-01,-3.758070245385169983e-02,-4.606755077838897705e-01,-6.511581540107727051e-01,-6.592870950698852539e-01
-5.450726747512817383e-01,-3.280158340930938721e-01,2.416661977767944336e-01,2.576794624328613281e-01,-7.217178344726562500e-01,-9.262326955795288086e-01
-4.883123189210891724e-02,3.301464766263961792e-02,3.882024288177490234e-01,2.893082201480865479e-01,-1.030420362949371338e-01,-1.070377588272094727e+00
-5.371352434158325195e-01,-5.637608766555786133e-01,7.947917580604553223e-01,2.673269510269165039e-01,6.313270926475524902e-01,-4.287489652633666992e-01
-4.564061760902404785e-01,-5.247951745986938477e-01,6.498792767524719238e-01,-6.597477197647094727e-01,-1.617886275053024292e-01,-1.030676603317260742e+00
-9.280403852462768555e-01,-7.358350753784179688e-01,1.974452733993530273e-01,1.650528758764266968e-01,-5.752027630805969238e-01,-1.494353711605072021e-01
-4.215609431266784668e-01,-5.844641327857971191e-01,-4.365912172943353653e-03,-7.577649950981140137e-01,-1.529172360897064209e-01,-3.641377091407775879e-01
5.101926922798156738e-01,-3.596573770046234131e-01,8.683139681816101074e-01,-8.257129788398742676e-02,-4.632442295551300049e-01,-4.926803410053253174e-01
-7.435735315084457397e-03,8.746095299720764160e-01,-1.210947751998901367e+00,-3.770655393600463867e+00,5.484210014343261719e+00,6.742337346076965332e-01
-7.890688180923461914e-01,-2.181941121816635132e-01,5.135467052459716797e-01,-4.229801595211029053e-01,-6.930286288261413574e-01,-7.199632525444030762e-01
-7.235561609268188477e-01,-1.257888376712799072e-01,-4.056502878665924072e-01,-7.005681991577148438e-01,9.892611997202038765e-04,-7.576682567596435547e-01
-5.920103192329406738e-01,-1.483846008777618408e-01,-5.466182902455329895e-02,5.789542943239212036e-02,1.788815557956695557e-01,-1.190953254699707031e+00
7.217962145805358887e-01,-6.409353017807006836e-01,6.099700331687927246e-01,-4.289583563804626465e-01,-1.233564876019954681e-02,-5.406220555305480957e-01
-6.732538938522338867e-01,-2.570417709648609161e-02,1.082369498908519745e-02,3.752216398715972900e-01,-1.118712902069091797e+00,-5.612185597419738770e-02
4.156380295753479004e-01,-3.510880470275878906e-01,5.542922019958496094e-01,2.154194712638854980e-01,1.689729280769824982e-02,-5.020006895065307617e-01
6.373061984777450562e-02,4.631891846656799316e-02,1.996848583221435547e-01,-1.301134347915649414e+00,-2.685393691062927246e-01,1.410912424325942993e-01
3.127703964710235596e-01,-8.581016063690185547e-01,2.767130434513092041e-01,-1.784001886844635010e-01,-4.335304498672485352e-01,-4.073293805122375488e-01
-7.754629254341125488e-01,-5.139684304594993591e-02,3.196737468242645264e-01,3.660225495696067810e-02,-4.194529354572296143e-02,-7.410965114831924438e-02
5.142601728439331055e-01,2.218833267688751221e-01,8.589995503425598145e-01,3.494284152984619141e-01,1.180590167641639709e-01,-8.514295816421508789e-01
-2.725187838077545166e-01,-9.913159012794494629e-01,7.528850436210632324e-01,-5.960653424263000488e-01,-3.326050043106079102e-01,-5.959548950195312500e-01
2.205045819282531738e-01,-2.627971768379211426e-01,4.943782091140747070e-01,-7.413053512573242188e-01,-8.746776580810546875e-01,-9.131480008363723755e-03
-3.728756010532379150e-01,-1.196179240942001343e-01,-2.142645567655563354e-01,-1.035244107246398926e+00,-5.615837574005126953e-01,-2.286517173051834106e-01
-3.817379176616668701e-01,-1.050025783479213715e-02,9.231703281402587891e-01,-4.041831195354461670e-01,-1.673254519701004028e-01,-1.051754832267761230e+00
-1.741295680403709412e-02,5.440560355782508850e-02,-3.209261596202850342e-02,-5.816895365715026855e-01,-1.432585954666137695e+00,3.635175228118896484e-01
-7.555795907974243164e-01,-3.413639068603515625e-01,2.993678748607635498e-01,-4.453461468219757080e-01,-2.318716347217559814e-01,1.638752594590187073e-02
9.780973941087722778e-02,2.795252017676830292e-02,9.977945685386657715e-01,2.167016714811325073e-01,2.674195170402526855e-02,-6.337227821350097656e-01
7.703638076782226562e-02,2.649674937129020691e-02,-4.354738071560859680e-02,-4.507350325584411621e-01,5.786384344100952148e-01,-6.918459534645080566e-01
-1.007979586720466614e-01,-2.939471006393432617e-01,1.076867699623107910e+00,-6.087499260902404785e-01,2.465277761220932007e-01,-5.408992171287536621e-01
-3.984799608588218689e-02,5.293141677975654602e-02,2.800606191158294678e-01,-1.882394552230834961e+00,9.312529563903808594e-01,1.513774633407592773e+00
-6.284919977188110352e-01,-7.366443276405334473e-01,1.291442513465881348e-01,-1.534386873245239258e-01,-1.060454249382019043e+00,3.812932968139648438e-01
-5.691813230514526367e-01,-9.814753532409667969e-01,-1.805804297327995300e-02,-8.650028146803379059e-03,-8.846188187599182129e-01,-1.003594547510147095e-01
-2.869294583797454834e-01,-6.815001964569091797e-01,-9.203625470399856567e-02,-5.849094986915588379e-01,-8.274696469306945801e-01,-1.135305315256118774e-02
-4.972816705703735352e-01,6.477593779563903809e-01,-1.877212822437286377e-01,-2.036144137382507324e-01,4.117814898490905762e-01,-6.719536781311035156e-01
-1.599138379096984863e-01,4.998649954795837402e-01,-3.033720552921295166e-01,-8.298411965370178223e-01,-2.733588218688964844e-01,-5.245360732078552246e-01
-2.308427840471267700e-01,-5.063983798027038574e-01,-3.441229164600372314e-01,-3.227105736732482910e-01,8.401985466480255127e-02,-6.731783747673034668e-01
-8.185263872146606445e-01,-4.343464970588684082e-01,2.318037897348403931e-01,4.281851649284362793e-01,3.497539460659027100e-01,-3.565119206905364990e-02
-5.500020980834960938e-01,1.339130196720361710e-02,-6.458450555801391602e-01,-7.325964421033859253e-02,2.750436365604400635e-01,-7.782751321792602539e-01
-3.143550157546997070e-01,-5.638145208358764648e-01,4.539459049701690674e-01,-3.023057281970977783e-01,-6.202625632286071777e-01,-1.231300234794616699e+00
-6.855851650238037109e+00,-1.296117115020751953e+01,-4.923712253570556641e+00,2.615029096603393555e+00,5.942881584167480469e+00,-6.789798736572265625e+00
-6.087861657142639160e-01,3.171723484992980957e-01,7.174345850944519043e-02,1.141143664717674255e-01,-1.008875444531440735e-01,-8.099215030670166016e-01
1.925131976604461670e-01,-2.474662065505981445e-01,-1.923380792140960693e-01,-7.739114016294479370e-02,7.238265275955200195e-01,-1.149039387702941895e+00
-8.570449352264404297e-01,4.698612168431282043e-02,1.054799854755401611e-01,5.221962928771972656e-01,-3.119570016860961914e-01,4.652141630649566650e-01
7.551670074462890625e-01,4.262256026268005371e-01,8.232011795043945312e-01,6.993369758129119873e-02,-6.067657470703125000e-01,-6.273273825645446777e-01
-3.761070966720581055e-01,8.264625817537307739e-02,6.154572367668151855e-01,-6.963371634483337402e-01,-4.757583439350128174e-01,3.954184651374816895e-01
-9.770217537879943848e-02,-1.182577490806579590e+00,2.983970642089843750e+00,-1.171987056732177734e+00,8.699771761894226074e-02,-3.673610687255859375e-01
-3.721281766891479492e+00,-2.034500055015087128e-02,1.029111385345458984e+00,1.386402010917663574e+00,-5.655087828636169434e-01,-9.166613221168518066e-01
-2.590662837028503418e-01,-7.900553345680236816e-01,-7.793702185153961182e-02,-5.375974774360656738e-01,7.245245575904846191e-01,-3.127584755420684814e-01
1.908201142214238644e-03,-6.276738047599792480e-01,8.549190163612365723e-01,-5.792170166969299316e-01,-4.101300835609436035e-01,-1.154603123664855957e+00
-1.270107831805944443e-02,4.212219715118408203e-01,-2.890824079513549805e-01,-8.310001343488693237e-02,-1.002931118011474609e+00,-1.000500679016113281e+00
-6.841474175453186035e-01,-3.143841266632080078e+00,1.803065836429595947e-01,-2.562860548496246338e-01,6.560721993446350098e-01,6.014855578541755676e-02
-3.970628082752227783e-01,5.005308389663696289e-01,5.641921162605285645e-01,-2.988840453326702118e-02,-9.797385334968566895e-01,-9.814017415046691895e-01
1.280254721641540527e-01,3.923584520816802979e-01,4.896667599678039551e-01,-8.053770065307617188e-01,-5.095382332801818848e-01,-2.570754289627075195e-02
2.492043972015380859e-01,-5.193992853164672852e-01,-3.153954446315765381e-02,-8.278040289878845215e-01,4.386304616928100586e-01,-5.793921947479248047e-01
-1.970677822828292847e-01,-1.056561708450317383e+00,1.343494504690170288e-01,-7.015075087547302246e-01,4.571639299392700195e-01,-3.596230745315551758e-01
-1.096699953079223633e+00,-4.252891838550567627e-01,-1.496434062719345093e-01,-1.117677092552185059e-01,-6.697189062833786011e-02,-1.343715041875839233e-01
-3.212040960788726807e-01,-5.321353077888488770e-01,7.008005976676940918e-01,-7.333805561065673828e-01,5.278957635164260864e-02,3.148222565650939941e-01
-3.104772269725799561e-01,2.924489378929138184e-01,-1.307399664074182510e-02,-3.372944593429565430e-01,-1.479555606842041016e+00,3.832433745265007019e-02
2.764379978179931641e-01,-4.607275128364562988e-01,9.097409248352050781e-01,-3.792142271995544434e-01,3.726987838745117188e-01,-9.275780320167541504e-01
-1.056539773941040039e+00,7.981816306710243225e-03,-9.942107647657394409e-02,2.007647007703781128e-01,8.062868565320968628e-02,-6.311646103858947754e-01
3.943061232566833496e-01,-2.458454519510269165e-01,1.220011785626411438e-01,-3.204737603664398193e-01,5.831737443804740906e-02,-7.733153700828552246e-01
5.311026573181152344e-01,-3.446111083030700684e-02,2.145351618528366089e-01,-6.172077655792236328e-01,2.160028070211410522e-01,-2.796425223350524902e-01
1.333896994590759277e+00,8.188647776842117310e-02,-1.432499217987060547e+01,-2.315807580947875977e+00,9.742199778556823730e-01,5.903091430664062500e-01
-4.747292041778564453e+00,3.843440294265747070e+00,5.322786331176757812e+00,1.666975402832031250e+01,7.049181461334228516e+00,-1.823942184448242188e+00
1.652137637138366699e-01,1.171583905816078186e-01,1.246917247772216797e+00,-4.418599307537078857e-01,-5.015757083892822266e-01,-4.739435911178588867e-01
-4.129608869552612305e-01,6.356105804443359375e-01,3.273479938507080078e-01,-3.167965710163116455e-01,-1.025302767753601074e+00,4.856168627738952637e-01
4.059193730354309082e-01,1.814140528440475464e-01,9.497757554054260254e-01,-6.043641567230224609e-01,-9.484599232673645020e-01,-5.021280050277709961e-01
2.704763226211071014e-02,-9.060603380203247070e-02,5.884322524070739746e-01,-3.582736849784851074e-01,-5.350317955017089844e-01,-6.325491666793823242e-01
-3.439619541168212891e-01,-5.746494531631469727e-01,-5.539657473564147949e-01,-5.515781044960021973e-01,-4.450528323650360107e-01,-2.217589914798736572e-01
1.877725124359130859e-01,6.588553786277770996e-01,1.179341316223144531e+00,-6.245089322328567505e-02,-6.571064889430999756e-02,-1.513997465372085571e-01
1.803495883941650391e-01,6.600137799978256226e-02,1.645602434873580933e-01,7.132542878389358521e-02,-1.734690189361572266e+00,-3.972194194793701172e-01
-3.122005797922611237e-02,-1.844911575317382812e+00,-8.516909927129745483e-02,-1.620249748229980469e-01,-7.134037017822265625e-01,1.711147576570510864e-01
-4.980923533439636230e-01,7.510641813278198242e-01,2.727672159671783447e-01,-2.478539012372493744e-02,-3.419292271137237549e-01,-3.444112837314605713e-01
-1.586478710174560547e+00,-1.794734239578247070e+00,3.977436304092407227e+00,-2.979979753494262695e+00,-3.961121559143066406e+00,-9.381268620491027832e-01
-6.451847553253173828e-01,3.471949398517608643e-01,1.222959607839584351e-01,-5.911799073219299316e-01,-1.072094917297363281e+00,2.761371433734893799e-01
3.115797936916351318e-01,-4.278041422367095947e-01,-8.380616903305053711e-01,-6.758191436529159546e-02,-8.394649624824523926e-01,-1.871338933706283569e-01
-5.383785367012023926e-01,-8.749701380729675293e-01,-1.415630336850881577e-02,5.830199122428894043e-01,-6.089686602354049683e-02,-6.832507252693176270e-02
-5.567998886108398438e-01,-5.083881616592407227e-01,-5.380696654319763184e-01,-7.086931467056274414e-01,3.842251300811767578e-01,2.653189897537231445e-01
2.717517316341400146e-01,-7.513583302497863770e-01,1.982637494802474976e-01,-7.302273511886596680e-01,1.646927595138549805e-01,3.390630334615707397e-02
9.773192405700683594e-01,6.963752508163452148e-01,2.682455182075500488e-01,7.966433465480804443e-02,-6.102107763290405273e-01,2.855658903717994690e-02
-2.616726756095886230e-01,1.002575457096099854e-01,1.194691419601440430e+00,-2.776332497596740723e-01,2.680759429931640625e-01,4.006146267056465149e-02
-1.430794149637222290e-01,5.842136144638061523e-01,6.198032572865486145e-02,-8.423007130622863770e-01,2.969655394554138184e-01,1.508798003196716309e-01
-4.022904336452484131e-01,-7.447789609432220459e-02,4.616679549217224121e-01,-3.174316883087158203e-01,3.114596009254455566e-01,-5.209941267967224121e-01
2.649134397506713867e+00,-1.956194758415222168e+00,-4.877627372741699219e+00,-2.566775083541870117e+00,-1.388055801391601562e+00,2.996068954467773438e+00
-8.416298627853393555e-01,-4.620821774005889893e-01,-7.616127729415893555e-01,-3.432846814393997192e-02,-3.509178385138511658e-02,-1.730340868234634399e-01
-2.223539799451828003e-01,-6.972746849060058594e-01,-5.353398323059082031e-01,-8.505367487668991089e-02,-7.953356504440307617e-01,-4.948534369468688965e-01
-6.645090579986572266e-01,-4.306086599826812744e-01,-2.177884727716445923e-01,8.731125295162200928e-02,-2.382993698120117188e-01,1.451347619295120239e-01
-2.688637375831604004e-01,9.534025192260742188e-02,-4.158590734004974365e-01,1.786757111549377441e-01,-1.316061258316040039e+00,-4.480205178260803223e-01
-4.448053240776062012e-01,8.967266678810119629e-01,-4.115779101848602295e-01,1.611378788948059082e-01,-4.892567992210388184e-01,-5.196243524551391602e-01
-1.154631376266479492e+00,8.950354531407356262e-03,-4.099782705307006836e-01,1.474420577287673950e-01,3.533185422420501709e-01,2.379824519157409668e-01
-2.878627479076385498e-01,-5.622794106602668762e-02,-8.226475119590759277e-01,-3.680521845817565918e-01,-5.713034272193908691e-01,-7.619700431823730469e-01
-1.345010548830032349e-01,-5.484471321105957031e-01,6.906826496124267578e-01,-6.097310036420822144e-02,6.849708966910839081e-03,-4.246703386306762695e-01
-6.864861249923706055e-01,-1.073570728302001953e+00,-1.391789019107818604e-01,1.741026490926742554e-01,-1.841517537832260132e-01,4.369691610336303711e-01
-5.496143177151679993e-02,1.014053635299205780e-02,3.369640707969665527e-01,-4.274500310420989990e-01,3.138917684555053711e-01,1.285953223705291748e-01
-2.493304163217544556e-01,5.703118443489074707e-01,-3.672525286674499512e-01,-7.625269889831542969e-01,-7.917532920837402344e-01,2.684531807899475098e-01
-4.718596041202545166e-01,6.713153421878814697e-02,-3.321930170059204102e-01,-7.198539376258850098e-01,1.496076285839080811e-01,4.581885784864425659e-02
-1.337347179651260376e-01,-2.163815349340438843e-01,-5.963587760925292969e-01,-8.872680664062500000e-01,1.594722867012023926e-01,-3.656182587146759033e-01
-9.070515036582946777e-01,3.918786942958831787e-01,2.259098440408706665e-01,-4.177198410034179688e-01,-4.770077019929885864e-02,-8.308619260787963867e-01
-1.638614572584629059e-02,1.192403510212898254e-01,-3.447396457195281982e-01,-4.966251254081726074e-01,-9.806882590055465698e-02,-1.236639738082885742e+00
-1.570736467838287354e-01,5.763801336288452148e-01,6.482874155044555664e-01,4.145229160785675049e-01,5.389406681060791016e-01,-4.535799026489257812e-01
-8.722813129425048828e-01,-1.114063411951065063e-01,-2.112532109022140503e-01,-5.970675945281982422e-01,-8.966113924980163574e-01,-5.237216949462890625e-01
-7.585526704788208008e-01,-2.718797624111175537e-01,5.140915513038635254e-01,-3.577330410480499268e-01,7.458285093307495117e-01,-3.131332993507385254e-01
-7.896615266799926758e-01,-7.686180472373962402e-01,-3.164733350276947021e-01,-4.003587961196899414e-01,4.869684576988220215e-02,-1.309484094381332397e-01
1.385256797075271606e-01,-3.371130209416151047e-03,-5.534962415695190430e-01,1.043604612350463867e-01,-1.258314490318298340e+00,-1.218270286917686462e-01
-4.214780628681182861e-01,-5.732961744070053101e-02,5.475386977195739746e-01,1.497430503368377686e-01,-8.421317338943481445e-01,7.374056577682495117e-01
-2.727622389793395996e-01,3.962941169738769531e-01,-1.343143545091152191e-02,-2.926762104034423828e-01,-2.414199560880661011e-01,-2.006310373544692993e-01
6.074844859540462494e-03,8.698657751083374023e-01,-1.231623217463493347e-01,-4.133401513099670410e-01,-6.899645924568176270e-01,-7.592889070510864258e-01
-7.083885669708251953e-01,1.230616450309753418e+00,1.833276599645614624e-01,-1.391034573316574097e-01,3.529062867164611816e-01,-3.230980634689331055e+00
4.595892131328582764e-01,4.087443947792053223e-01,1.709393560886383057e-01,3.168643414974212646e-01,1.194047570228576660e+00,-3.229413032531738281e-01
3.050823211669921875e-01,3.296989947557449341e-02,-3.613872528076171875e-01,-1.383098363876342773e-01,-3.372923135757446289e-01,-6.914134025573730469e-01
-3.676317632198333740e-01,-6.842905282974243164e-01,5.694415569305419922e-01,-7.452253699302673340e-01,7.014620900154113770e-01,1.351626515388488770e-01
-5.871206521987915039e-01,-1.236419081687927246e-01,-9.422077797353267670e-03,4.571130275726318359e-01,-2.780100107192993164e-01,-2.693604230880737305e-01
1.491140574216842651e-02,-3.922902643680572510e-01,-1.791525036096572876e-01,-4.746439158916473389e-01,-1.159616112709045410e-01,-1.670350283384323120e-01
-9.683657884597778320e-01,1.472575068473815918e+00,-5.841435194015502930e-01,4.768467843532562256e-01,1.467559337615966797e+00,-2.214058399200439453e+00
-5.958067178726196289e-01,1.154328286647796631e-01,4.627551138401031494e-01,4.871874749660491943e-01,-9.022585749626159668e-01,-3.336422145366668701e-03
-7.447947263717651367e-01,5.303442478179931641e-01,1.852838099002838135e-01,-5.441234111785888672e-01,2.605340182781219482e-01,4.148854315280914307e-01
6.819927692413330078e-01,-1.407890468835830688e-01,-1.312354579567909241e-02,-6.606532335281372070e-01,-6.507553458213806152e-01,-4.954588413238525391e-01
-2.561328113079071045e-01,7.939191162586212158e-02,-3.878659307956695557e-01,-2.797351777553558350e-01,-7.038848400115966797e-01,2.390604615211486816e-01
5.414043664932250977e-01,1.864781528711318970e-01,9.609310626983642578e-01,-2.658829092979431152e-02,2.594362795352935791e-01,-4.377464652061462402e-01
-3.662647008895874023e-01,-6.250412464141845703e-01,4.418027102947235107e-01,4.241916537284851074e-01,-5.858215689659118652e-01,5.189040303230285645e-01
4.708042740821838379e-02,-5.304651856422424316e-01,2.261323779821395874e-01,-3.570326566696166992e-01,8.605976700782775879e-01,2.189095765352249146e-01
-1.110492706298828125e+00,7.098457813262939453e-01,-1.977327093482017517e-02,-5.802554660476744175e-04,-7.719673961400985718e-02,5.825371146202087402e-01
-4.108606651425361633e-02,1.967140100896358490e-02,8.168853521347045898e-01,4.835150241851806641e-01,-2.570979595184326172e-01,6.042144298553466797e-01
-5.731873512268066406e-01,1.036950588226318359e+00,4.049389064311981201e-02,-6.051434278488159180e-01,1.080146357417106628e-01,-3.811710774898529053e-01
-5.449307560920715332e-01,6.644884347915649414e-01,1.874401330947875977e+00,-1.438780665397644043e+00,8.011352419853210449e-01,-5.534926414489746094e+00
-8.166211843490600586e-01,6.358885169029235840e-01,4.185746908187866211e-01,4.168588519096374512e-01,-3.115831017494201660e-01,-1.334492117166519165e-01
-3.655992075800895691e-02,1.385774612426757812e+00,8.596675992012023926e-01,-2.828607335686683655e-02,-1.928503811359405518e-01,6.329388618469238281e-01
-3.866015076637268066e-01,6.254971027374267578e-01,3.665761351585388184e-01,1.699529886245727539e-01,-1.430374622344970703e+00,3.156945109367370605e-02
-3.792553246021270752e-01,-3.784782588481903076e-01,5.504305362701416016e-01,-2.694779038429260254e-01,4.720245674252510071e-02,-1.475949048995971680e+00
2.578599452972412109e-01,7.272439599037170410e-01,-7.440820336341857910e-01,4.835169911384582520e-01,1.187282204627990723e+00,-9.739325195550918579e-02
6.393574476242065430e-01,-3.907970190048217773e-01,2.447279393672943115e-01,1.666700839996337891e-01,-1.097256183624267578e+00,-1.265790462493896484e-01
-7.154134511947631836e-01,6.583905816078186035e-01,-6.881228834390640259e-02,5.263004824519157410e-02,-1.225684523582458496e+00,6.457000225782394409e-02
-4.133351743221282959e-01,5.180872082710266113e-01,-1.319610625505447388e-01,1.307997256517410278e-01,-6.022625565528869629e-01,7.277014851570129395e-01
-4.342058598995208740e-01,5.662778019905090332e-01,3.374739885330200195e-01,-9.906545877456665039e-01,7.976623773574829102e-01,-1.701466292142868042e-01
1.636175662279129028e-01,1.136159673333168030e-01,-9.908770769834518433e-02,-7.581558227539062500e-01,-4.987727105617523193e-01,-7.928109914064407349e-02
-7.101862877607345581e-02,7.805718481540679932e-02,2.258758693933486938e-01,-4.859766364097595215e-02,1.297079801559448242e+00,-6.440493464469909668e-01
-1.476983577013015747e-01,5.126595497131347656e-01,9.797068685293197632e-02,3.893125057220458984e-01,-6.045871973037719727e-01,8.250257372856140137e-02
-3.977989405393600464e-02,-1.979458704590797424e-02,-2.131098806858062744e-01,-1.047513961791992188e+00,5.149139761924743652e-01,4.942552372813224792e-02
5.504305362701416016e+00,4.991773068904876709e-01,-4.688857078552246094e+00,-1.836101293563842773e+00,9.852272987365722656e+00,-8.014858245849609375e+00
-3.503123521804809570e-01,-1.029217243194580078e-01,2.595239877700805664e-01,-1.575284600257873535e-01,-6.859446763992309570e-01,7.294905930757522583e-02
-1.546672433614730835e-01,-4.666556417942047119e-01,-3.025005459785461426e-01,2.981351017951965332e-01,-7.276455760002136230e-01,4.398937821388244629e-01
1.644760131835937500e+01,-3.887856900691986084e-01,1.353628873825073242e+00,1.239177107810974121e+00,4.637193977832794189e-01,-5.157000422477722168e-01
-1.363855041563510895e-02,1.167804837226867676e+00,4.476668834686279297e+00,-2.577750198543071747e-02,1.256405115127563477e+00,2.377588897943496704e-01
2.997713387012481689e-01,4.911472797393798828e-01,1.219405055046081543e+00,3.672477006912231445e-01,5.191156268119812012e-01,-4.741610586643218994e-01
-1.425547719001770020e+00,-3.750697135925292969e+00,-4.020884037017822266e+00,1.094346404075622559e+00,-4.330042362213134766e+00,6.455517292022705078e+00
-3.112806677818298340e-01,-1.187276765704154968e-01,1.233271881937980652e-01,1.877647787332534790e-01,-2.002948708832263947e-02,4.468637108802795410e-01
-9.090638160705566406e-02,-7.313516736030578613e-01,-5.407230854034423828e-01,-3.051113784313201904e-01,-3.803889751434326172e-01,5.292447805404663086e-01
-1.536608859896659851e-02,5.438513755798339844e-01,-6.841948032379150391e-01,-3.933715522289276123e-01,-9.108458757400512695e-01,-1.028899401426315308e-01
-3.297910094261169434e-01,-5.033829808235168457e-01,-6.938002705574035645e-01,3.995113074779510498e-01,-5.771288275718688965e-01,6.233480200171470642e-02
7.499520182609558105e-01,6.346751004457473755e-02,2.709707021713256836e-01,6.193477511405944824e-01,3.622007131576538086e+00,2.270561605691909790e-01
-2.177135646343231201e-01,-8.240901827812194824e-01,1.347402334213256836e-01,-7.325099408626556396e-02,1.046043708920478821e-01,3.043358959257602692e-02
7.984948158264160156e-02,1.268471121788024902e+00,1.075908392667770386e-01,-2.642039954662322998e-01,1.497522927820682526e-02,-1.427580416202545166e-01
-1.358566433191299438e-01,-1.054724082350730896e-01,-1.023432135581970215e+00,-4.112342298030853271e-01,-7.130376100540161133e-01,1.387162804603576660e-01
-6.712448000907897949e-01,4.057388901710510254e-01,-2.836803495883941650e-01,7.152867913246154785e-01,2.476731538772583008e-01,-6.912288069725036621e-02
-2.285881638526916504e-01,4.910047650337219238e-01,-6.257604956626892090e-01,-5.657523274421691895e-01,-2.201668620109558105e-01,8.103855848312377930e-01
-3.132030963897705078e-01,-5.291940569877624512e-01,5.407257378101348877e-02,-6.257820725440979004e-01,1.060715392231941223e-01,8.733456134796142578e-01
-2.244583219289779663e-01,-8.000643253326416016e-01,2.476367056369781494e-01,5.303228497505187988e-01,1.804760396480560303e-01,6.031308174133300781e-01
1.201684121042490005e-02,1.124908179044723511e-01,-9.518465995788574219e-01,-7.246244549751281738e-01,-2.218678593635559082e-01,1.218633130192756653e-01
-6.010516285896301270e-01,-4.791194498538970947e-01,1.226286888122558594e-01,1.513231247663497925e-01,9.262659549713134766e-01,5.746838450431823730e-01
-1.351881325244903564e-01,-2.151202857494354248e-01,-2.914549410343170166e-01,-3.620855212211608887e-01,1.834255456924438477e-01,6.170333027839660645e-01
3.491531610488891602e-01,-1.068551316857337952e-01,1.833927035331726074e-01,6.773889064788818359e-01,-7.119761705398559570e-01,4.912556409835815430e-01
-6.200917363166809082e-01,-7.303679585456848145e-01,-4.572679698467254639e-01,2.505584061145782471e-01,1.358274091035127640e-02,-4.380347132682800293e-01
1.364049464464187622e-01,-5.617102384567260742e-01,2.126091420650482178e-01,-1.007918715476989746e-01,-6.857546567916870117e-01,4.232699275016784668e-01
4.311465919017791748e-01,-9.159840941429138184e-01,-5.574944019317626953e-01,-3.326313495635986328e-01,-3.532843589782714844e-01,-1.368239372968673706e-01
6.285772472620010376e-02,-1.242554664611816406e+00,1.553846448659896851e-01,1.291599273681640625e-01,-7.574678063392639160e-01,-1.525404155254364014e-01
-4.520810842514038086e-01,1.212844133377075195e+00,2.429907172918319702e-01,1.297149807214736938e-01,5.510417222976684570e-01,-2.026986330747604370e-01
1.474163234233856201e-01,-7.777854800224304199e-01,2.728210687637329102e-01,5.021055340766906738e-01,-1.502496600151062012e-01,-9.544913172721862793e-01
7.412887811660766602e-01,3.795742094516754150e-01,-3.365572094917297363e-01,-5.983057022094726562e-01,-1.498401612043380737e-01,-3.842611014842987061e-01
4.867607653141021729e-01,1.072517558932304382e-01,6.996822953224182129e-01,2.056675106287002563e-01,-3.795790672302246094e-01,-1.239976063370704651e-01
-3.223849087953567505e-02,7.451432347297668457e-01,4.229134023189544678e-01,-2.328270524740219116e-01,-9.722571969032287598e-01,-2.819177210330963135e-01
6.281060576438903809e-01,-6.223563104867935181e-03,-4.247698485851287842e-01,-6.455539464950561523e-01,-8.882825374603271484e-01,9.765776991844177246e-02
1.894995421171188354e-01,-2.559871412813663483e-02,-6.620115041732788086e-01,3.044865652918815613e-02,-1.900424361228942871e-01,3.084467947483062744e-01
-8.082822561264038086e-01,4.943600594997406006e-01,6.481419801712036133e-01,-2.343407869338989258e-01,-9.172097444534301758e-01,-1.484452486038208008e-01
-8.942558765411376953e-01,3.399455547332763672e-01,7.422758340835571289e-01,-2.768235504627227783e-01,1.025249287486076355e-01,-4.269049763679504395e-01
1.603588014841079712e-01,6.962828636169433594e-01,-3.062237501144409180e-01,-5.471592769026756287e-02,2.547021023929119110e-02,-7.105123996734619141e-01
-1.264715939760208130e-01,-8.707352280616760254e-01,-6.754029989242553711e-01,1.611817777156829834e-01,-2.567045390605926514e-01,2.038858234882354736e-01
5.501725673675537109e-01,3.645511567592620850e-01,4.361601769924163818e-01,1.674214005470275879e-02,-8.492838591337203979e-02,-1.067907691001892090e+00
5.397439002990722656e-01,4.345656037330627441e-01,5.871635675430297852e-01,-1.839178651571273804e-01,-1.045744061470031738e+00,-4.634394124150276184e-02
-2.123620212078094482e-01,-2.420396357774734497e-01,-2.303008884191513062e-01,2.607578933238983154e-01,2.106070816516876221e-01,-6.894334554672241211e-01
4.527423977851867676e-01,2.144339382648468018e-01,2.913212180137634277e-01,-5.652711987495422363e-01,-7.539272904396057129e-01,5.729976296424865723e-01
-6.687537580728530884e-02,9.208013117313385010e-02,-1.397625952959060669e-01,8.742362856864929199e-01,-2.582910656929016113e-01,-4.111592769622802734e-01
3.276841342449188232e-01,5.047674179077148438e-01,5.077971816062927246e-01,-7.121480107307434082e-01,-2.528614699840545654e-01,7.255406379699707031e-01
4.670182764530181885e-01,-1.051840335130691528e-01,1.644440889358520508e-01,-7.090659737586975098e-01,9.639824628829956055e-01,-1.307244151830673218e-01
1.279381513595581055e+00,-4.562267288565635681e-02,1.807833015918731689e-01,6.364203244447708130e-02,-1.072284877300262451e-01,-2.465344592928886414e-02
-3.246523141860961914e-01,5.019564628601074219e-01,-5.059213638305664062e-01,4.356015026569366455e-01,-1.689137071371078491e-01,-7.644240856170654297e-01
4.809316620230674744e-02,9.105457067489624023e-01,-1.769027113914489746e-01,-5.297029614448547363e-01,-9.646940231323242188e-01,1.989436000585556030e-01
6.997949481010437012e-01,-1.650767475366592407e-01,-3.575537502765655518e-01,1.946549266576766968e-01,-9.311946630477905273e-01,3.766292929649353027e-01
-8.939352631568908691e-02,2.826955020427703857e-01,-5.436897277832031250e-01,3.998364806175231934e-01,-1.149857163429260254e+00,4.621740579605102539e-01
4.013977944850921631e-01,1.283256888389587402e+00,-5.703026056289672852e-01,-4.082556366920471191e-01,-1.196682360023260117e-02,5.245123431086540222e-02
6.483358144760131836e-02,1.662627756595611572e-01,-1.054631844162940979e-01,5.939589738845825195e-01,-7.074992656707763672e-01,7.396418452262878418e-01
-5.358293652534484863e-01,1.432310417294502258e-02,1.255459636449813843e-01,-6.995834708213806152e-01,6.492606401443481445e-01,-6.070649623870849609e-01
-8.041816353797912598e-01,1.160700321197509766e-01,-5.070027709007263184e-02,-1.603135094046592712e-02,2.715786993503570557e-01,9.258621335029602051e-01
-1.102197527885437012e+00,-7.935575246810913086e-01,2.891831696033477783e-01,-1.231950148940086365e-01,4.227753281593322754e-01,-4.909988120198249817e-02
-4.718473553657531738e-01,2.483903914690017700e-01,6.489509344100952148e-02,3.894252181053161621e-01,-2.093113899230957031e+00,1.578893810510635376e-01
-4.665797948837280273e-01,-7.701857686042785645e-01,5.358806848526000977e-01,-5.031212791800498962e-02,3.949909210205078125e-01,2.430262863636016846e-01
-4.277472496032714844e-01,-5.412598848342895508e-01,1.103508919477462769e-01,-8.714052289724349976e-02,-9.918722510337829590e-02,8.133772611618041992e-01
-1.068635433912277222e-01,-1.151732921600341797e+00,-2.899993658065795898e-01,1.895178109407424927e-01,-6.547538638114929199e-01,6.313429474830627441e-01
3.317620456218719482e-01,-9.109912067651748657e-02,-1.976097971200942993e-01,4.893112778663635254e-01,5.953822135925292969e-01,-5.612351298332214355e-01
-7.289154529571533203e-01,4.196731150150299072e-01,-2.915466129779815674e-01,2.104669362306594849e-01,-2.498916722834110260e-02,4.973945021629333496e-02
-2.289462089538574219e-01,-7.519659996032714844e-01,-5.836666226387023926e-01,-1.824615895748138428e-01,2.753714621067047119e-01,8.545929789543151855e-01
-6.889097690582275391e-01,-2.897064685821533203e-01,-3.733552992343902588e-01,-1.905326992273330688e-01,5.556881427764892578e-01,-1.560987066477537155e-02
-1.960166543722152710e-01,9.546076059341430664e-01,-4.619953036308288574e-01,-1.767337173223495483e-01,-2.897920906543731689e-01,2.106627672910690308e-01
-6.028380244970321655e-03,1.171273708343505859e+00,7.865302264690399170e-02,6.866992115974426270e-01,-5.930328965187072754e-01,8.999051898717880249e-02
6.078439354896545410e-01,9.985837340354919434e-02,-9.171982407569885254e-01,-8.234311640262603760e-02,-4.151185452938079834e-01,-4.586291313171386719e-01
5.965611338615417480e-02,5.991683602333068848e-01,5.492812991142272949e-01,4.141912162303924561e-01,3.123164176940917969e-01,4.853376448154449463e-01
-2.746501266956329346e-01,8.589285612106323242e-01,5.322440266609191895e-01,-5.408975481986999512e-01,2.939041554927825928e-01,2.115833163261413574e-01
-4.198054373264312744e-01,-5.766041949391365051e-02,1.632729023694992065e-01,-4.268037378787994385e-01,1.193313956260681152e+00,8.117055147886276245e-02
9.935232996940612793e-02,5.709412693977355957e-01,5.439777374267578125e-01,4.161831438541412354e-01,-5.259643793106079102e-01,-5.203491449356079102e-01
-2.726677358150482178e-01,-9.153733253479003906e-01,-4.925027489662170410e-01,5.060655996203422546e-02,8.146831989288330078e-01,1.896028369665145874e-01
1.938971281051635742e-01,1.438966274261474609e+00,9.678869508206844330e-03,1.116362959146499634e-01,-7.457724213600158691e-01,-9.753849357366561890e-02
8.662027865648269653e-02,-4.832281172275543213e-01,-4.367814958095550537e-01,-5.965717434883117676e-01,6.568093895912170410e-01,3.865912854671478271e-01
-2.898875810205936432e-02,6.119780540466308594e-01,1.005461096763610840e+00,4.653111398220062256e-01,1.713191531598567963e-02,-1.118957996368408203e-01
2.544845268130302429e-02,2.685307562351226807e-01,2.881019115447998047e-01,6.366698145866394043e-01,-1.313817650079727173e-01,4.359583258628845215e-01
2.517333030700683594e-01,4.375559985637664795e-01,2.684775590896606445e-01,2.266152352094650269e-01,1.242609858512878418e+00,5.088081359863281250e-01
1.849686652421951294e-01,5.010207891464233398e-01,-3.292242884635925293e-01,-4.234960377216339111e-01,1.049821600317955017e-01,-6.699393969029188156e-03
-4.330636560916900635e-02,1.083322167396545410e+00,-4.551842212677001953e-01,6.776249408721923828e-01,-4.399336576461791992e-01,-7.821391522884368896e-02
4.109584987163543701e-01,3.798908591270446777e-01,3.013863563537597656e-01,9.969495981931686401e-02,-1.092262506484985352e+00,-8.743547201156616211e-01
-1.062942072749137878e-01,3.594208657741546631e-01,6.236846446990966797e-01,-1.444715261459350586e-01,-1.062547639012336731e-01,2.008361816406250000e-01
-6.678717732429504395e-01,6.541533768177032471e-02,-8.242371678352355957e-01,3.506647944450378418e-01,4.212414920330047607e-01,2.787706553936004639e-01
3.783753812313079834e-01,-3.113929629325866699e-01,9.978365302085876465e-01,-1.219999492168426514e-01,3.231329917907714844e-01,2.463287413120269775e-01
4.644187986850738525e-01,2.135355621576309204e-01,1.426448225975036621e-01,-1.241280883550643921e-01,-1.248355150222778320e+00,6.548645496368408203e-01
-1.671566963195800781e-01,2.270916849374771118e-01,7.368692010641098022e-02,9.131009578704833984e-01,-7.560980916023254395e-01,1.927597820758819580e-02
9.600552916526794434e-01,9.234106168150901794e-03,2.425857335329055786e-01,-5.193184614181518555e-01,-6.996188312768936157e-02,6.127142906188964844e-01
7.049910724163055420e-02,1.854170262813568115e-01,4.910115301609039307e-01,3.441596031188964844e-02,-1.107729554176330566e+00,1.446140110492706299e-01
3.952154815196990967e-01,9.287574887275695801e-01,2.704582512378692627e-01,-2.706727683544158936e-01,-5.025852322578430176e-01,4.357153773307800293e-01
3.409348800778388977e-02,9.308222532272338867e-01,6.817809343338012695e-01,-7.594349235296249390e-02,5.731224417686462402e-01,6.249051690101623535e-01
-6.909297704696655273e-01,2.095719724893569946e-01,-2.488578855991363525e-01,3.049518465995788574e-01,9.413522481918334961e-01,-1.200172863900661469e-02
-1.463665664196014404e-01,2.321740835905075073e-01,5.558237433433532715e-01,-7.301654219627380371e-01,-1.347757458686828613e+00,-1.516794413328170776e-01
-4.060306549072265625e-01,-5.942399501800537109e-01,1.142388395965099335e-02,1.315646469593048096e-01,1.044826626777648926e+00,-4.231714010238647461e-01
3.923330605030059814e-01,-4.293751716613769531e-01,-5.435134768486022949e-01,-8.453898429870605469e-01,2.089279174804687500e+00,6.727426052093505859e-01
-1.330374628305435181e-01,6.682534217834472656e-01,-1.580894738435745239e-01,2.883539795875549316e-01,1.893062889575958252e-01,-2.622251212596893311e-02
-2.300661206245422363e-01,1.474931985139846802e-01,-7.880716323852539062e-01,-4.099112153053283691e-01,6.668814420700073242e-01,7.025179266929626465e-01
9.672188316471874714e-04,-1.218287050724029541e-01,-2.140228152275085449e-01,5.324665904045104980e-01,-6.673599481582641602e-01,-3.039536625146865845e-02
-1.209256723523139954e-01,-1.127735853195190430e+00,-3.307045400142669678e-01,-3.126670122146606445e-01,6.109021976590156555e-02,-1.820348650217056274e-01
-3.284993171691894531e-01,-4.938961565494537354e-01,-2.239945232868194580e-01,7.571588754653930664e-01,-5.168569087982177734e-01,2.199997752904891968e-01
1.312826573848724365e-01,-7.387363910675048828e-01,7.427843809127807617e-01,2.939361929893493652e-01,-9.090813398361206055e-01,9.612073749303817749e-02
-4.527000486850738525e-01,-2.814694344997406006e-01,-9.121517539024353027e-01,-4.300046563148498535e-01,3.627060949802398682e-01,2.515365136787295341e-03
1.007749587297439575e-01,-3.041622638702392578e-01,4.665393531322479248e-01,5.722351670265197754e-01,-1.047470092773437500e+00,-1.157465800642967224e-01
9.934267401695251465e-01,3.555897176265716553e-01,-4.753061830997467041e-01,-4.205995425581932068e-02,1.291792392730712891e-01,7.166721671819686890e-02
-2.964273989200592041e-01,-9.469189643859863281e-01,3.672702983021736145e-02,3.569587692618370056e-02,-8.301150053739547729e-02,-1.096333384513854980e+00
-1.048294752836227417e-01,7.544306516647338867e-01,-3.078301548957824707e-01,1.459146440029144287e-01,-9.748333692550659180e-01,5.073766410350799561e-02
-4.133298993110656738e-02,-3.177675604820251465e-01,9.157666563987731934e-02,-1.648161858320236206e-01,-7.496923804283142090e-01,-1.350252866744995117e+00
1.382266134023666382e-01,2.429234683513641357e-01,2.272968180477619171e-02,-9.609998017549514771e-02,-3.234838247299194336e-01,5.514766573905944824e-01
6.279527544975280762e-01,-4.849873110651969910e-02,6.468784064054489136e-02,-2.396736294031143188e-01,-3.480394184589385986e-01,1.148741021752357483e-01
4.183408021926879883e-01,-1.699665337800979614e-01,-3.218005895614624023e-01,1.791370064020156860e-01,-9.694500565528869629e-01,-6.749803423881530762e-01
2.002050280570983887e-01,-3.969186842441558838e-01,-1.945844739675521851e-01,-6.636456847190856934e-01,6.611334532499313354e-02,7.711659073829650879e-01
-2.882869243621826172e-01,9.197331070899963379e-01,1.195919886231422424e-01,6.474895477294921875e-01,-2.573809027671813965e-01,-3.727219700813293457e-01
-3.894608616828918457e-01,5.916014909744262695e-01,1.529984027147293091e-01,-3.479831218719482422e-01,7.738307714462280273e-01,8.597519993782043457e-02
7.024734020233154297e-01,7.106968760490417480e-01,7.724184077233076096e-03,5.446496605873107910e-02,2.398472577333450317e-01,-8.826531767845153809e-01
-4.384554624557495117e-01,-2.882869839668273926e-01,-6.244494318962097168e-01,-2.774983346462249756e-01,1.118358850479125977e+00,5.207298398017883301e-01
1.783424615859985352e-01,-3.825054168701171875e-01,-4.792743027210235596e-01,3.560544729232788086e+00,-1.268545985221862793e+00,4.322355687618255615e-01
5.564785599708557129e-01,4.707684218883514404e-01,4.366457089781761169e-02,-4.219390451908111572e-01,-3.110353350639343262e-01,-1.023019790649414062e+00
2.708908021450042725e-01,-8.385038971900939941e-01,-4.329733252525329590e-01,4.398667812347412109e-02,-1.326100528240203857e-01,-8.937972187995910645e-01
-7.649552822113037109e-01,3.232685625553131104e-01,-6.973735690116882324e-01,-2.287033796310424805e-01,3.711251020431518555e-01,-1.515703555196523666e-02
-3.507763743400573730e-01,9.659821391105651855e-01,4.391691386699676514e-01,6.943666338920593262e-01,6.465072929859161377e-02,4.909217357635498047e-02
4.678633511066436768e-01,7.677273750305175781e-01,-3.737621307373046875e-01,5.554446205496788025e-02,-4.097401797771453857e-01,-2.604673206806182861e-01
7.796086370944976807e-02,5.667441487312316895e-01,7.512532472610473633e-01,-4.268352687358856201e-01,9.215134382247924805e-01,-8.902215212583541870e-02
-1.785908788442611694e-01,-2.264999151229858398e-01,-5.879458189010620117e-01,6.971719264984130859e-01,3.215326070785522461e-01,3.542730584740638733e-02
5.284408479928970337e-02,2.038729749619960785e-02,-6.193807721138000488e-01,-1.609871387481689453e-01,1.485009908676147461e+00,-2.938439548015594482e-01
4.260023832321166992e-01,7.688997983932495117e-01,-5.176073312759399414e-02,4.966624677181243896e-01,-1.215581521391868591e-01,-4.062045216560363770e-01
7.996464371681213379e-01,7.824448943138122559e-01,1.215744316577911377e-01,-1.757413625717163086e+00,4.060181379318237305e-01,-6.843608021736145020e-01
-7.585297524929046631e-02,-6.604446768760681152e-01,2.147559672594070435e-01,-2.643977701663970947e-01,-1.412453055381774902e+00,-7.105855643749237061e-02
7.772248238325119019e-02,1.064936637878417969e+00,7.351549267768859863e-01,2.714719474315643311e-01,-4.028804004192352295e-01,-1.782667785882949829e-01
-7.467478513717651367e-01,-3.709497675299644470e-02,2.724782526493072510e-01,-8.974657654762268066e-01,3.188171088695526123e-01,-3.157038390636444092e-01
-4.235322177410125732e-01,2.881154417991638184e-01,-3.008633255958557129e-01,-1.005984172224998474e-01,1.311698675155639648e+00,5.803065896034240723e-01
8.362673223018646240e-03,1.330738514661788940e-01,7.395037412643432617e-01,-3.301922380924224854e-01,-9.006044864654541016e-01,8.400963544845581055e-01
6.086975932121276855e-01,1.090476870536804199e+00,4.186090230941772461e-01,-4.701089859008789062e-01,1.040919348597526550e-01,9.306217730045318604e-02
-1.522828936576843262e-01,-5.008721351623535156e-02,-4.276210367679595947e-01,-7.804282307624816895e-01,-1.181611180305480957e+00,-3.940677344799041748e-01
6.137154698371887207e-01,1.880878210067749023e-01,2.661396265029907227e-01,-6.035938113927841187e-02,7.297230362892150879e-01,-8.122951388359069824e-01
-2.935726344585418701e-01,1.688012294471263885e-02,-3.848316371440887451e-01,-7.694839686155319214e-02,3.350298404693603516e-01,-1.945964433252811432e-02
6.687564253807067871e-01,4.827317595481872559e-01,-6.325654685497283936e-02,-5.674989223480224609e-01,-5.647647976875305176e-01,1.206021234393119812e-01
5.910957455635070801e-01,-7.946164906024932861e-02,6.185407191514968872e-02,-9.697235822677612305e-01,5.938361212611198425e-02,1.973020285367965698e-01
1.566743701696395874e-01,1.273662805557250977e+00,3.051965832710266113e-01,6.691469810903072357e-03,4.800134599208831787e-01,1.028289496898651123e-01
-1.972074806690216064e-01,-2.665574848651885986e-01,2.346016764640808105e-01,1.031649708747863770e+00,-1.188490316271781921e-01,4.092260897159576416e-01
-9.369663000106811523e-01,4.918727874755859375e-01,-4.175675287842750549e-02,-1.825643628835678101e-01,5.820319056510925293e-01,-2.599664926528930664e-01
1.035374402999877930e-01,6.545561552047729492e-01,4.709396958351135254e-01,7.958878874778747559e-01,-8.728328347206115723e-01,1.144628897309303284e-01
-5.784438848495483398e-01,-1.092659473419189453e+00,3.454104363918304443e-01,1.134995222091674805e-01,-2.347261905670166016e-01,-3.861113786697387695e-01
3.856175243854522705e-01,7.756208181381225586e-01,-4.391649961471557617e-01,2.492214739322662354e-02,-1.176837205886840820e+00,6.239129900932312012e-01
-1.844210773706436157e-01,-7.297391891479492188e-01,-2.522755973041057587e-02,4.071747958660125732e-01,-1.417908549308776855e+00,-1.935032941401004791e-02
4.651839137077331543e-01,-3.426615595817565918e-01,8.400767445564270020e-01,-1.488605141639709473e-01,-5.634074211120605469e-01,3.612961769104003906e-01
9.483691304922103882e-02,-2.213852405548095703e-01,-3.990217745304107666e-01,3.282687962055206299e-01,1.933902502059936523e-01,4.763168394565582275e-01
-1.884288787841796875e-01,-1.872059851884841919e-01,-5.585499480366706848e-02,-4.100186526775360107e-01,9.567493796348571777e-01,8.707989454269409180e-01
-3.233617842197418213e-01,8.420029878616333008e-01,4.815617799758911133e-01,5.290707349777221680e-01,-2.603716552257537842e-01,6.619623899459838867e-01
9.975848346948623657e-02,-7.329398989677429199e-01,-2.306525409221649170e-01,7.863847613334655762e-01,-3.264043331146240234e-01,7.841928601264953613e-01
3.001617789268493652e-01,2.152936458587646484e-01,-5.455692764371633530e-03,-2.504783868789672852e-01,-9.509927034378051758e-01,-1.999570876359939575e-01
2.070491760969161987e-01,-1.200660839676856995e-01,-5.843076109886169434e-01,4.069685935974121094e-01,-3.167762756347656250e-01,-5.834876894950866699e-01
-3.773556351661682129e-01,1.321538329124450684e+00,8.329711854457855225e-02,-2.248936593532562256e-01,-6.315132975578308105e-01,1.577983200550079346e-01
-2.625430226325988770e-01,-7.191036343574523926e-01,-1.468592137098312378e-01,5.345871448516845703e-01,7.962568402290344238e-01,-2.689685523509979248e-01
1.388119757175445557e-01,7.821137309074401855e-01,2.347541972994804382e-02,9.646534323692321777e-01,1.359290927648544312e-01,3.115987181663513184e-01
3.576560616493225098e-01,-6.207036375999450684e-01,6.165358424186706543e-01,-3.246838450431823730e-01,6.659579277038574219e-02,2.548434436321258545e-01
-3.664627969264984131e-01,3.042928278446197510e-01,5.502223372459411621e-01,-6.989887952804565430e-01,-4.362305253744125366e-02,-4.249615371227264404e-01
-1.768205016851425171e-01,-6.101217120885848999e-02,1.077206492424011230e+00,-1.576910614967346191e-01,-8.918302655220031738e-01,6.469015777111053467e-02
-2.918293140828609467e-02,1.937876492738723755e-01,-2.695791423320770264e-01,-3.652640283107757568e-01,1.483296751976013184e+00,4.038930237293243408e-01
-4.141452908515930176e-01,-5.459113717079162598e-01,8.876473307609558105e-01,-1.639753766357898712e-02,-1.028822138905525208e-01,3.589587509632110596e-01
4.937119781970977783e-01,4.598448276519775391e-01,2.925752103328704834e-01,-1.768746972084045410e-01,1.133221268653869629e+00,-4.460811316967010498e-01
-9.938987344503402710e-02,2.104107588529586792e-01,-8.974989503622055054e-02,-7.723786234855651855e-01,-1.570262610912322998e-01,7.852668166160583496e-01
-1.439470499753952026e-01,1.898885607719421387e+00,1.978261917829513550e-01,-2.583061158657073975e-01,5.026989579200744629e-01,-1.521373838186264038e-01
7.469944953918457031e-01,-9.518314152956008911e-03,4.987385272979736328e-01,3.874665200710296631e-01,9.953164458274841309e-01,-2.171670496463775635e-01
6.155998706817626953e-01,3.770836889743804932e-01,4.775784313678741455e-01,-3.015615642070770264e-01,-2.451634705066680908e-01,4.743739068508148193e-01
-6.327935457229614258e-01,7.911836504936218262e-01,-1.793419755995273590e-02,-1.296149939298629761e-01,1.207908317446708679e-01,2.454400360584259033e-01
6.765305399894714355e-01,1.157073378562927246e+00,-2.658460289239883423e-02,3.075779974460601807e-01,1.014175713062286377e-01,-1.260313540697097778e-01
-4.305402562022209167e-02,2.799196839332580566e-01,3.061581552028656006e-01,5.847224593162536621e-01,-8.630175590515136719e-01,-7.162609696388244629e-01
-5.805317163467407227e-01,-5.049064755439758301e-01,-2.685142755508422852e-01,-4.527818039059638977e-02,3.009013235569000244e-01,1.387729883193969727e+00
2.267946721985936165e-03,3.550717830657958984e-01,-2.643474340438842773e-01,6.763815879821777344e-02,-1.900932908058166504e+00,2.507936060428619385e-01
-6.010056734085083008e-01,-3.329086899757385254e-01,4.087556004524230957e-01,-1.471725255250930786e-01,-1.344582796096801758e+00,-4.206751585006713867e-01
3.625402692705392838e-03,1.157489895820617676e+00,-1.002384163439273834e-02,-5.742844939231872559e-01,7.013799156993627548e-03,6.118190288543701172e-01
-4.247280955314636230e-01,2.857184223830699921e-02,6.482173204421997070e-01,6.017000079154968262e-01,3.548950552940368652e-01,1.173022389411926270e-01
2.341190725564956665e-01,1.356671690940856934e+00,6.762667298316955566e-01,1.085371494293212891e+00,1.220800042152404785e+00,-3.473099470138549805e+00
-1.999978721141815186e-01,1.122890692204236984e-02,-4.820198416709899902e-01,2.741358578205108643e-01,-7.202655542641878128e-03,1.193164587020874023e+00
3.463731110095977783e-01,2.062511295080184937e-01,7.765977382659912109e-01,4.317109584808349609e-01,3.154343664646148682e-01,-1.874372661113739014e-01
-1.130114123225212097e-02,4.036661088466644287e-01,2.774438261985778809e-01,-5.179513245820999146e-03,5.624235272407531738e-01,-4.710443019866943359e-01
-3.038330972194671631e-01,-9.899042546749114990e-02,-8.461897969245910645e-01,6.125900149345397949e-01,-5.267917513847351074e-01,7.999941110610961914e-01
-2.872050702571868896e-01,-6.370188295841217041e-02,3.571257293224334717e-01,-6.258038282394409180e-01,3.671647012233734131e-01,-1.291412353515625000e+00
4.104926064610481262e-02,1.297367930412292480e+00,-6.061174273490905762e-01,-7.367491722106933594e-02,-4.150198400020599365e-01,-2.916751801967620850e-01
-5.293440818786621094e-02,4.285068511962890625e-01,-8.431988358497619629e-01,-3.352220728993415833e-02,-5.059440732002258301e-01,-3.271510004997253418e-01
-7.897908240556716919e-02,6.676119565963745117e-01,-3.092187941074371338e-01,-3.995305299758911133e-01,6.043385863304138184e-01,1.145462274551391602e+00
4.268851578235626221e-01,9.472761750221252441e-01,1.032608002424240112e-02,-8.193963170051574707e-01,-4.349817335605621338e-01,-1.854635179042816162e-01
-9.058828353881835938e-01,7.201959490776062012e-01,-4.423648118972778320e-01,-9.640774130821228027e-02,-5.213400125503540039e-01,2.218022495508193970e-01
8.394091725349426270e-01,3.990752995014190674e-02,9.687469899654388428e-02,-1.148904263973236084e-01,-2.147381603717803955e-01,-7.595295310020446777e-01
-5.725588649511337280e-02,-2.213233262300491333e-01,-1.842718720436096191e-01,-1.691972836852073669e-02,1.180039286613464355e+00,6.005904674530029297e-01
1.410698592662811279e-01,3.098949790000915527e-01,8.258849382400512695e-01,1.118125692009925842e-01,4.856519699096679688e-01,7.376395463943481445e-01
-3.254317641258239746e-01,9.877279400825500488e-01,-2.232464551925659180e-01,7.628508210182189941e-01,-1.964437216520309448e-01,4.474448859691619873e-01
-1.056836009025573730e+00,8.035348355770111084e-02,1.022314280271530151e-02,-1.635130405426025391e+00,-4.470966756343841553e-01,4.311284795403480530e-02
5.050396174192428589e-02,4.292545914649963379e-01,2.026326358318328857e-01,-5.855628475546836853e-02,-7.171503901481628418e-01,1.276855707168579102e+00
3.507131636142730713e-01,7.343706488609313965e-01,1.517469435930252075e-01,3.059222400188446045e-01,-8.673735857009887695e-01,2.744740545749664307e-01
-2.250719349831342697e-03,1.169366359710693359e+00,-5.075533986091613770e-01,3.345605358481407166e-02,6.773350834846496582e-01,-2.833034098148345947e-01
5.046895742416381836e-01,2.148334085941314697e-01,5.602512508630752563e-02,8.549094200134277344e-01,5.774335861206054688e-01,8.311308920383453369e-03
5.481925010681152344e-01,3.896746337413787842e-01,4.122858047485351562e-01,-3.807500898838043213e-01,-2.995048761367797852e-01,-3.970681130886077881e-01
1.266278140246868134e-02,1.140568494796752930e+00,1.932639926671981812e-01,8.744414895772933960e-02,-3.467789590358734131e-01,3.665556013584136963e-01
-3.603289648890495300e-02,4.212291240692138672e-01,1.949267685413360596e-01,8.545370101928710938e-01,4.874747097492218018e-01,6.336247324943542480e-01
-9.348163753747940063e-02,8.902543038129806519e-02,-2.738808989524841309e-01,-1.933739334344863892e-01,-1.098495602607727051e+00,1.011045217514038086e+00
-7.065312862396240234e-01,9.084443747997283936e-02,-3.224212825298309326e-01,-3.367921113967895508e-01,5.344062447547912598e-01,7.453976869583129883e-01
-3.189915418624877930e-01,4.310907125473022461e-01,-6.737245917320251465e-01,-7.251516729593276978e-02,1.091275095939636230e+00,-2.961485385894775391e-01
-5.733051300048828125e-01,3.571173548698425293e-01,5.451628565788269043e-01,2.111132889986038208e-01,4.537318646907806396e-01,4.998233914375305176e-01
6.110872030258178711e-01,-6.674670577049255371e-01,8.913125842809677124e-02,-5.439021587371826172e-01,-5.592021346092224121e-01,4.058449566364288330e-01
-1.775328367948532104e-01,4.945536702871322632e-02,-6.398367136716842651e-02,4.158217012882232666e-01,-1.380518913269042969e+00,5.621929764747619629e-01
7.233807444572448730e-02,-3.284693658351898193e-01,-3.123026490211486816e-01,-4.712009429931640625e-01,-2.856618165969848633e+00,1.108371496200561523e+00
-2.822637259960174561e-01,-1.607556939125061035e-01,-9.192958474159240723e-01,4.092612862586975098e-02,-4.838337302207946777e-01,8.445598483085632324e-01
7.453653961420059204e-02,-8.581031113862991333e-02,3.729372024536132812e-01,-2.652268409729003906e-01,-5.818967893719673157e-02,8.125166296958923340e-01
-6.640895605087280273e-01,-1.700547039508819580e-01,-1.854766309261322021e-01,-8.236860036849975586e-01,-3.392930328845977783e-01,4.197127223014831543e-01
-4.316724836826324463e-01,-1.481585800647735596e-01,-2.218561470508575439e-01,7.093901634216308594e-01,2.931992150843143463e-02,8.701590895652770996e-01
1.191809326410293579e-01,-5.101271867752075195e-01,9.330992586910724640e-03,8.284510970115661621e-01,-3.694079059641808271e-04,-1.541966944932937622e-01
4.781510531902313232e-01,3.267844021320343018e-01,-1.017898082733154297e+00,-3.259946405887603760e-01,4.074099957942962646e-01,2.804922163486480713e-01
5.456110835075378418e-01,2.196974754333496094e-01,-4.022664427757263184e-01,-2.888667285442352295e-01,1.119105815887451172e+00,9.723924100399017334e-03
-4.493004679679870605e-01,6.134773045778274536e-02,-1.596441417932510376e-01,-3.008729815483093262e-01,-3.422690927982330322e-01,1.193005800247192383e+00
-2.855474948883056641e-01,5.593989491462707520e-01,-7.293096184730529785e-01,-4.305194318294525146e-01,4.312506318092346191e-01,-1.424424797296524048e-01
3.760856986045837402e-01,-4.172322750091552734e-01,3.531926870346069336e-01,-5.613304302096366882e-02,-7.115578651428222656e-01,-1.160752058029174805e+00
1.032717347145080566e+00,3.027559041976928711e+00,-1.610530972480773926e+00,3.344307661056518555e+00,8.119053244590759277e-01,4.443647384643554688e+00
1.595781922340393066e+00,1.868121325969696045e-02,-3.542017698287963867e+00,5.622160911560058594e+00,2.657365560531616211e+00,4.926194190979003906e+00
1.713158249855041504e+00,5.873061716556549072e-02,-1.654416620731353760e-01,1.256382912397384644e-01,-5.139437317848205566e-02,3.824117481708526611e-01
4.411654472351074219e-01,-3.440008684992790222e-02,-4.816088378429412842e-01,5.142120122909545898e-01,1.196739435195922852e+00,2.538617253303527832e-01
2.310199430212378502e-03,-7.924564182758331299e-02,3.376908302307128906e-01,-9.946855902671813965e-01,5.777974724769592285e-01,4.742880761623382568e-01
3.493622243404388428e-01,-2.934531271457672119e-01,-4.904465377330780029e-01,6.853468418121337891e-01,-1.307374686002731323e-01,2.455741018056869507e-01
2.640424966812133789e-01,-6.634366512298583984e-01,-3.588429093360900879e-01,-2.716335058212280273e-01,-1.237054467201232910e+00,3.570489883422851562e-01
5.011900663375854492e-01,-8.023092150688171387e-01,5.768126845359802246e-01,1.499958485364913940e-01,6.264716982841491699e-01,2.349554151296615601e-01
-4.206983447074890137e-01,1.305232405662536621e+00,-2.127110362052917480e-01,3.526036441326141357e-01,-3.754077851772308350e-01,1.807738244533538818e-01
4.961087554693222046e-02,4.589135944843292236e-02,7.438318133354187012e-01,-3.080438673496246338e-01,1.179214119911193848e+00,1.922724545001983643e-01
-1.377598345279693604e-01,-6.342378616333007812e+00,1.408401846885681152e+00,2.402949184179306030e-01,-1.993428468704223633e+00,-6.323409557342529297e+00
-5.337014794349670410e-01,8.848206996917724609e-01,-6.269919276237487793e-01,5.315470099449157715e-01,-3.886604607105255127e-01,3.342728018760681152e-01
3.830633759498596191e-01,3.379521965980529785e-01,-8.621397018432617188e-01,3.706992566585540771e-01,-4.745010733604431152e-01,4.480928778648376465e-01
5.593482777476310730e-02,7.284779548645019531e-01,-9.232047945261001587e-03,-3.817447125911712646e-01,-7.330520153045654297e-01,1.078574895858764648e+00
-7.420508656650781631e-03,2.825896739959716797e-01,7.344888448715209961e-01,3.849913552403450012e-02,6.441301107406616211e-01,-1.160193920135498047e+00
-1.852640509605407715e-02,8.687671422958374023e-01,1.989544183015823364e-01,6.331338286399841309e-01,8.922671675682067871e-01,2.084312438964843750e-01
4.941068589687347412e-01,9.118087291717529297e-01,3.232717812061309814e-01,-1.234521716833114624e-01,-4.165804684162139893e-01,-5.617134571075439453e-01
-2.445431798696517944e-01,1.423154622316360474e-01,8.641936630010604858e-02,6.625615358352661133e-01,9.148904085159301758e-01,-2.711307406425476074e-01
-3.713577687740325928e-01,1.824853122234344482e-01,-6.511760950088500977e-01,9.787641465663909912e-02,6.233276724815368652e-01,1.033152937889099121e+00
3.772175312042236328e-01,-1.104925647377967834e-01,-7.204455137252807617e-01,-3.155625462532043457e-01,-4.693310856819152832e-01,6.430658698081970215e-01
-3.461486995220184326e-01,-9.085270017385482788e-02,3.824591338634490967e-01,2.533618807792663574e-01,9.507612586021423340e-01,1.015554308891296387e+00
-7.595262527465820312e-01,6.145213171839714050e-02,5.093201398849487305e-01,-1.157641261816024780e-01,-4.202465116977691650e-01,5.790928602218627930e-01
6.084291934967041016e+00,1.601383328437805176e+00,-1.586160063743591309e+00,7.492329478263854980e-01,-3.076678514480590820e+00,1.864072084426879883e-01
5.203173160552978516e-01,1.165123581886291504e+00,-4.860027506947517395e-02,-1.823258236981928349e-03,9.744413495063781738e-01,5.843880176544189453e-01
-1.224049478769302368e-01,3.213876783847808838e-01,-7.994755506515502930e-01,6.187483072280883789e-01,-1.105404794216156006e-01,-8.957314491271972656e-02
-9.387660622596740723e-01,5.450107455253601074e-01,-1.770420074462890625e-01,3.575506806373596191e-01,-7.247282862663269043e-01,3.749007880687713623e-01
5.085850954055786133e-01,7.547892928123474121e-01,9.949988126754760742e-02,3.975349366664886475e-01,6.689866781234741211e-01,5.311076641082763672e-01
-6.662490367889404297e-01,-3.100434839725494385e-01,-5.704693198204040527e-01,1.920108348131179810e-01,3.968517184257507324e-01,6.090433001518249512e-01
6.199751496315002441e-01,2.103083133697509766e-01,-9.030236601829528809e-01,6.819716691970825195e-01,7.555963099002838135e-02,5.478286147117614746e-01
2.579604983329772949e-01,5.954309105873107910e-01,-7.979331612586975098e-01,8.423731476068496704e-02,5.280634760856628418e-01,-4.121536612510681152e-01
2.885306626558303833e-02,-2.449642717838287354e-01,-1.115724205970764160e+00,5.713593959808349609e-01,3.280138224363327026e-02,1.357177942991256714e-01
1.468886286020278931e-01,1.312007904052734375e+00,-3.266254663467407227e-01,3.527925312519073486e-01,2.653079032897949219e-01,4.884318113327026367e-01
7.680880278348922729e-02,7.052490711212158203e-01,-4.981841444969177246e-01,2.881011553108692169e-02,-2.301539927721023560e-01,9.135981798171997070e-01
2.255182415246963501e-01,-5.295299887657165527e-01,2.422409504652023315e-02,2.888182410970330238e-03,1.472487568855285645e+00,-8.646550029516220093e-02
6.017872691154479980e-01,3.506786525249481201e-01,-2.877589762210845947e-01,5.526191592216491699e-01,-6.757702231407165527e-01,-2.500661313533782959e-01
3.169707059860229492e-01,-6.620969176292419434e-01,6.110719442367553711e-01,2.948257923126220703e-01,1.214383821934461594e-02,3.502243161201477051e-01
3.163625672459602356e-02,-6.593495011329650879e-01,-6.185967475175857544e-02,-5.854955315589904785e-02,6.593015193939208984e-01,8.846932649612426758e-01
2.830182909965515137e-01,5.084645152091979980e-01,-5.276303887367248535e-01,8.227804303169250488e-01,-2.994117438793182373e-01,2.960592210292816162e-01
7.520530223846435547e-01,-7.224696278572082520e-01,3.456944823265075684e-01,1.395083963871002197e-01,-1.198310852050781250e-01,1.139799952507019043e-01
1.702258288860321045e-01,1.025246262550354004e+00,2.582138478755950928e-01,-3.561892807483673096e-01,1.314126610755920410e+00,2.792238891124725342e-01
-7.225207686424255371e-01,-6.278471350669860840e-01,8.202103972434997559e-01,-2.535016536712646484e-01,3.460787236690521240e-02,-8.122805356979370117e-01
6.969171762466430664e-01,1.197516992688179016e-01,5.290533900260925293e-01,5.086406469345092773e-01,5.381995439529418945e-01,7.144006490707397461e-01
-5.774188637733459473e-01,2.253724634647369385e-01,1.175685599446296692e-02,5.595077872276306152e-01,5.900952816009521484e-01,6.925979256629943848e-01
-5.219984054565429688e-01,-1.223079681396484375e+00,4.202376678586006165e-02,-3.998183831572532654e-02,3.745047152042388916e-01,-2.365462034940719604e-01
6.955251842737197876e-02,-6.270241141319274902e-01,7.011684775352478027e-01,2.464615106582641602e-01,6.363472938537597656e-01,3.573995232582092285e-01
-3.853283077478408813e-02,-1.503598541021347046e-01,3.938422203063964844e-01,6.301877498626708984e-01,6.855581998825073242e-01,-1.952977851033210754e-02
-1.197589188814163208e-01,4.799958765506744385e-01,-9.439439177513122559e-01,3.609769940376281738e-01,-1.838328242301940918e-01,6.364728808403015137e-01
3.918432295322418213e-01,4.312973320484161377e-01,5.404275655746459961e-01,-1.279571801424026489e-01,5.762575268745422363e-01,4.642152041196823120e-02
1.339146792888641357e-01,-5.666761994361877441e-01,9.726113080978393555e-01,-3.355102241039276123e-01,-1.662160903215408325e-01,6.232690215110778809e-01
-4.454459846019744873e-01,7.270224094390869141e-01,-7.028939127922058105e-01,2.485299110412597656e-02,4.135358631610870361e-01,6.329229474067687988e-01
-2.632760405540466309e-01,-3.266960084438323975e-01,-3.571989536285400391e-01,5.137151479721069336e-01,7.855875492095947266e-01,9.506657123565673828e-01
5.219916105270385742e-01,3.949405252933502197e-01,-6.764717102050781250e-01,-1.866250485181808472e-01,-5.146022439002990723e-01,3.208439648151397705e-01
1.202951092272996902e-02,-2.049943357706069946e-01,-9.656013250350952148e-01,-4.925192147493362427e-02,3.637829422950744629e-01,-5.504700541496276855e-01
-7.612869739532470703e-01,-1.400623768568038940e-01,-5.107358694076538086e-01,-2.346666455268859863e-01,-4.504375159740447998e-01,6.977698802947998047e-01
-1.316859573125839233e-01,9.084603190422058105e-01,-1.067036390304565430e+00,1.903749257326126099e-01,8.904924988746643066e-02,3.879185020923614502e-02
1.243173703551292419e-01,-3.198760151863098145e-01,-5.846672691404819489e-03,-3.852830827236175537e-02,-6.819123029708862305e-01,1.291272044181823730e+00
5.502541661262512207e-01,-4.923575222492218018e-01,1.239454373717308044e-01,3.472052812576293945e-01,-7.875102758407592773e-02,8.294482827186584473e-01
6.122061610221862793e-01,7.961292266845703125e-01,7.761551141738891602e-01,1.037966534495353699e-01,3.267935514450073242e-01,1.524102836847305298e-01
2.597129642963409424e-01,2.063438743352890015e-01,8.184951543807983398e-01,6.979008018970489502e-02,1.112022757530212402e+00,-2.710722200572490692e-02
9.604503214359283447e-02,1.256098508834838867e+00,4.535626471042633057e-01,3.140483200550079346e-01,8.902966231107711792e-02,-5.182665586471557617e-01
-1.081104576587677002e-01,2.275861054658889771e-01,-6.727548688650131226e-02,-3.639997243881225586e-01,4.157555997371673584e-01,1.438768863677978516e+00
2.166195064783096313e-01,5.236239433288574219e-01,-1.183066248893737793e+00,-2.284723669290542603e-01,-3.388854563236236572e-01,3.584382236003875732e-01
1.106675043702125549e-01,4.258626997470855713e-01,1.009822845458984375e+00,-5.612912029027938843e-02,-6.332722902297973633e-01,-8.948680162429809570e-01
3.970234692096710205e-01,6.157439351081848145e-01,-9.461869001388549805e-01,3.223816454410552979e-01,1.182458028197288513e-01,-1.309608817100524902e-01
1.498877257108688354e-01,-4.909938201308250427e-02,5.080502107739448547e-02,1.015612781047821045e-01,-5.552752315998077393e-02,-1.238646954298019409e-01
-1.802277378737926483e-02,4.464549720287322998e-01,-2.873475253582000732e-01,2.728722095489501953e-01,2.780022323131561279e-01,-1.299211144447326660e+00
2.574926912784576416e-01,-4.524769484996795654e-01,7.525280117988586426e-01,3.930180668830871582e-01,-6.609562635421752930e-01,-7.567926049232482910e-01
5.704988911747932434e-02,-1.219415426254272461e+00,2.056966722011566162e-02,7.751075178384780884e-02,2.528083622455596924e-01,2.904841601848602295e-01
9.273467212915420532e-02,-8.036398291587829590e-01,-6.365270614624023438e-01,3.655764758586883545e-01,2.240735739469528198e-01,-1.730871200561523438e-01
6.064798235893249512e-01,3.731728792190551758e-01,4.668071866035461426e-01,3.457924127578735352e-01,-2.383220344781875610e-01,7.161797285079956055e-01
3.663910627365112305e-01,-2.482521086931228638e-01,-2.687475383281707764e-01,-7.212677597999572754e-02,3.699261546134948730e-01,-1.705267578363418579e-01
-2.894636392593383789e-01,4.610554277896881104e-01,-5.319395661354064941e-01,9.073140025138854980e-01,-5.062389373779296875e-01,2.798192501068115234e-01
4.724791049957275391e-01,5.453093349933624268e-02,-3.833914641290903091e-03,4.353621900081634521e-01,1.910262107849121094e-01,-8.811883330345153809e-01
5.004783868789672852e-01,6.716741323471069336e-01,2.912246584892272949e-01,3.878940641880035400e-02,5.477706193923950195e-01,9.613597989082336426e-01
-9.964695572853088379e-02,5.395806431770324707e-01,8.783557415008544922e-01,1.792382746934890747e-01,8.146551251411437988e-01,-3.867192938923835754e-02
5.882273316383361816e-01,2.569997906684875488e-01,-2.520235180854797363e-01,-3.517060279846191406e-01,3.239535689353942871e-01,5.697875618934631348e-01
-5.231405496597290039e-01,-4.183240830898284912e-01,6.107218861579895020e-01,-9.107302427291870117e-01,-6.857417821884155273e-01,-2.700913548469543457e-01
4.891393780708312988e-01,-7.920388579368591309e-01,-2.616246044635772705e-01,-2.694686353206634521e-01,2.478320449590682983e-01,5.460993647575378418e-01
-6.548994779586791992e-01,-5.550870895385742188e-01,7.248522639274597168e-01,5.104034021496772766e-02,-9.469317197799682617e-01,-2.723620235919952393e-01
4.035005718469619751e-02,-2.793057918548583984e+00,-9.919002056121826172e-01,2.991081953048706055e+00,4.916649460792541504e-01,4.842601716518402100e-01
5.199925303459167480e-01,9.750894308090209961e-01,-3.837467730045318604e-01,6.879211962223052979e-02,2.277835607528686523e-01,1.036036849021911621e+00
8.321947455406188965e-01,-5.420430898666381836e-01,6.735824048519134521e-02,9.637793898582458496e-02,5.779355764389038086e-02,-3.560933768749237061e-01
-7.502346634864807129e-01,-9.136900901794433594e-01,7.901173830032348633e-01,-3.871483206748962402e-01,-1.572357304394245148e-02,-2.179619371891021729e-01
1.180458664894104004e-01,9.346790313720703125e-01,-1.014755725860595703e+00,3.524664044380187988e-02,-6.888310909271240234e-01,3.701662719249725342e-01
-3.375135660171508789e-01,1.442952752113342285e-01,4.598996639251708984e-01,-4.473247528076171875e-01,7.399839758872985840e-01,8.422166109085083008e-01
3.160599946975708008e+00,-2.320744276046752930e+00,9.551832824945449829e-02,4.203529357910156250e+00,-2.446268796920776367e+00,-3.415107488632202148e+00
1.951309144496917725e-01,-1.097449660301208496e+00,6.693299412727355957e-01,-6.311920881271362305e-01,-8.687540143728256226e-02,-4.537964165210723877e-01
8.670707941055297852e-01,-9.577422589063644409e-02,3.225245475769042969e-01,-1.740777045488357544e-01,5.204504728317260742e-01,3.677751123905181885e-02
5.473203063011169434e-01,6.606084108352661133e-01,-9.081182479858398438e-01,4.961256682872772217e-01,2.114388793706893921e-01,1.252798676490783691e+00
-2.751434445381164551e-01,2.053545266389846802e-01,8.383377790451049805e-01,-4.989706277847290039e-01,-8.475936055183410645e-01,-7.600020170211791992e-01
3.939620256423950195e-01,7.424377799034118652e-01,6.225481629371643066e-01,1.222007945179939270e-01,6.517100334167480469e-01,-5.862759947776794434e-01
2.123483717441558838e-01,-1.138637512922286987e-01,6.672163605690002441e-01,-3.807954192161560059e-01,-1.171928942203521729e-01,-1.273482799530029297e+00
6.587671041488647461e-01,3.431042432785034180e-01,7.900115102529525757e-02,2.644068598747253418e-01,1.006399840116500854e-01,-1.203699931502342224e-01
4.748192131519317627e-01,-5.107535719871520996e-01,-1.822622716426849365e-01,7.068705279380083084e-03,9.840654134750366211e-01,-4.359175264835357666e-01
3.982310891151428223e-01,3.717738389968872070e-01,1.782495528459548950e-01,-2.142887860536575317e-01,-2.249590903520584106e-01,1.309112787246704102e+00
-3.238594830036163330e-01,-3.527848422527313232e-02,2.253247201442718506e-01,5.161421298980712891e-01,7.825304567813873291e-02,1.161946177482604980e+00
4.330993294715881348e-01,9.751589894294738770e-01,-5.682364702224731445e-01,-2.175323665142059326e-01,1.044840574264526367e+00,5.469455122947692871e-01
3.855721950531005859e-01,-6.568316221237182617e-01,-6.097430586814880371e-01,1.822820454835891724e-01,-3.111484646797180176e-02,8.303771615028381348e-01
-1.601839810609817505e-01,5.128971338272094727e-01,-4.707106649875640869e-01,4.871144592761993408e-01,3.837167620658874512e-01,8.254435062408447266e-01
6.205217838287353516e-01,5.911223292350769043e-01,-1.101210042834281921e-01,-7.089960575103759766e-01,6.058423519134521484e-01,3.870039880275726318e-01
4.439149424433708191e-02,4.645819216966629028e-02,-2.633178606629371643e-02,6.977111697196960449e-01,1.280784487724304199e+00,5.252811908721923828e-01
-8.231738209724426270e-02,-4.515019953250885010e-01,-6.733645796775817871e-01,-5.634096637368202209e-02,8.378248810768127441e-01,-5.821192860603332520e-01
9.387245029211044312e-02,-3.031775057315826416e-01,-9.229661822319030762e-01,3.377451300621032715e-01,2.860336005687713623e-01,1.008248567581176758e+00
-6.570150256156921387e-01,3.726072236895561218e-02,-7.650972604751586914e-01,-1.087414696812629700e-01,-8.506228923797607422e-01,2.112828940153121948e-01
3.261870518326759338e-02,7.301205396652221680e-01,-1.208014130592346191e+00,9.505300782620906830e-03,7.147448658943176270e-01,2.075985819101333618e-01
-2.379693984985351562e-01,-5.373600870370864868e-02,3.352881968021392822e-01,3.626109957695007324e-01,1.161141037940979004e+00,6.880591809749603271e-02
4.672967493534088135e-01,1.075932502746582031e+00,-4.138071537017822266e-01,1.387449353933334351e-01,-2.032489180564880371e-01,4.901527762413024902e-01
5.540283918380737305e-01,3.930456340312957764e-01,-4.562905803322792053e-02,5.481517910957336426e-01,1.209670752286911011e-01,5.860472917556762695e-01
-6.750912964344024658e-02,-2.300969958305358887e-01,6.240977644920349121e-01,-9.736574888229370117e-01,4.872163385152816772e-02,-3.882095217704772949e-01
6.599277853965759277e-01,4.467938840389251709e-01,-6.423621773719787598e-01,1.115787252783775330e-01,6.748012304306030273e-01,5.734509825706481934e-01
3.306943476200103760e-01,2.475511431694030762e-01,-1.088622212409973145e+00,1.587470322847366333e-01,-8.512143790721893311e-02,9.176985621452331543e-01
1.083699427545070648e-02,4.835659265518188477e-01,-4.993990063667297363e-01,-1.494583934545516968e-01,6.063590645790100098e-01,5.017912983894348145e-01
3.540506958961486816e-01,2.297371858730912209e-03,-4.286280274391174316e-01,4.690935909748077393e-01,8.385825902223587036e-03,1.177639603614807129e+00
-1.878658235073089600e-01,-1.627185195684432983e-01,-1.204931020736694336e+00,7.230572868138551712e-03,2.029822021722793579e-01,3.639209568500518799e-01
4.056467413902282715e-01,-2.251567095518112183e-01,-3.911012411117553711e-01,-3.267633542418479919e-02,6.315919011831283569e-02,1.124253153800964355e+00
6.817594915628433228e-02,-1.115265712141990662e-01,-4.614369869232177734e-01,9.717439413070678711e-01,1.492217481136322021e-01,5.567097067832946777e-01
-2.031674385070800781e-01,7.510276138782501221e-02,1.760516047477722168e+00,-1.452813595533370972e-01,1.371317356824874878e-01,4.390613734722137451e-01
1.178092956542968750e-01,3.463404774665832520e-01,2.379011362791061401e-01,-9.977046251296997070e-01,2.287954390048980713e-01,-7.193657755851745605e-01
4.537977278232574463e-01,6.506798267364501953e-01,2.863638103008270264e-01,5.809244513511657715e-01,2.358635663986206055e-01,1.080647110939025879e+00
6.642392277717590332e-01,-3.999680280685424805e-01,-2.913193404674530029e-01,-2.662861049175262451e-01,1.004043936729431152e+00,3.488436937332153320e-01
9.943688660860061646e-02,9.712280035018920898e-01,3.472026586532592773e-01,-5.612704753875732422e-01,7.626577019691467285e-01,-3.795020878314971924e-01
-2.641974389553070068e-01,1.390764713287353516e+00,-5.172679424285888672e-01,1.610635668039321899e-01,1.553214788436889648e-01,7.494568824768066406e-01
-4.038767516613006592e-02,-8.596685528755187988e-01,3.731799125671386719e-01,3.619340062141418457e-01,4.507896900177001953e-01,-8.518363833427429199e-01
-4.839774668216705322e-01,5.903643369674682617e-01,9.618504047393798828e-01,6.951303780078887939e-02,-3.302802741527557373e-01,-2.713019251823425293e-01
1.125606372952461243e-01,-7.966007590293884277e-01,2.472001463174819946e-01,2.035969309508800507e-02,1.797632426023483276e-01,-1.190331816673278809e+00
1.555412262678146362e-02,-1.679511368274688721e-01,-6.541926264762878418e-01,-1.367306057363748550e-02,6.964276432991027832e-01,1.412059783935546875e+00
2.580150961875915527e-01,5.933106541633605957e-01,-1.059770107269287109e+00,6.603380441665649414e-01,1.675116419792175293e-01,4.983513355255126953e-01
-4.372103810310363770e-01,8.223965764045715332e-01,-1.440565916709601879e-03,2.168639153242111206e-01,1.374346733093261719e+00,6.732641160488128662e-02
-6.476046442985534668e-01,3.672295808792114258e-01,5.956616997718811035e-01,1.624815464019775391e-01,9.751155972480773926e-01,-3.260711729526519775e-01
7.940895557403564453e-01,2.824525535106658936e-01,-1.889147679321467876e-03,2.477138042449951172e-01,7.504097223281860352e-01,8.772625327110290527e-01
3.647464811801910400e-01,5.752037167549133301e-01,-4.648850858211517334e-01,5.041737556457519531e-01,2.634553611278533936e-01,1.898818016052246094e-01
4.845918118953704834e-01,-7.721186280250549316e-01,2.545690238475799561e-01,4.583890140056610107e-01,5.780317783355712891e-01,-1.790022253990173340e-01
5.865552425384521484e-01,7.816566824913024902e-01,-2.151425629854202271e-01,-3.283407688140869141e-01,7.082883119583129883e-01,-1.088275089859962463e-01
4.661531150341033936e-01,-2.705419659614562988e-01,-6.232508420944213867e-01,-4.550860226154327393e-01,3.524374663829803467e-01,-2.302981913089752197e-01
-4.374005645513534546e-02,8.633944392204284668e-01,-9.139018505811691284e-02,-1.446067810058593750e+00,-9.833194315433502197e-02,1.214072331786155701e-01
-8.485939353704452515e-02,5.466274023056030273e-01,-8.281779885292053223e-01,4.457701742649078369e-01,4.654632508754730225e-02,1.416404962539672852e+00
4.385243654251098633e-01,-2.560503594577312469e-02,3.195399641990661621e-01,-4.669780433177947998e-01,8.529356122016906738e-01,7.110844850540161133e-01
-1.341643184423446655e-01,9.629842638969421387e-01,-1.118891537189483643e-01,5.918801762163639069e-03,7.681049704551696777e-01,5.605246424674987793e-01
8.560472130775451660e-01,4.701777547597885132e-02,2.106849849224090576e-01,5.760029554367065430e-01,-1.807540506124496460e-01,4.564518108963966370e-02
2.384867370128631592e-01,4.719522595405578613e-01,1.183086857199668884e-01,-4.893615841865539551e-01,7.036062479019165039e-01,5.913228988647460938e-01
3.891589343547821045e-01,-6.554349511861801147e-02,4.350613653659820557e-01,-5.389015674591064453e-01,8.584073930978775024e-02,5.203439712524414062e+00
-5.705627799034118652e-02,-1.541760444641113281e+00,4.833989143371582031e-01,-5.477679520845413208e-02,1.011460274457931519e-01,-3.723541200160980225e-01
3.030306659638881683e-03,1.299130320549011230e-01,1.277757138013839722e-01,-4.819954186677932739e-02,5.916804447770118713e-02,-1.773295402526855469e+00
4.698695242404937744e-01,-1.644226759672164917e-01,6.255315989255905151e-02,2.569446563720703125e-01,6.173266768455505371e-01,3.140377998352050781e-01
-5.611613392829895020e-01,-1.820669770240783691e-01,1.172639608383178711e+00,-3.032000660896301270e-01,-3.620266616344451904e-01,-5.424676537513732910e-01
-6.781356036663055420e-02,2.399295568466186523e-01,-7.594024538993835449e-01,3.553126156330108643e-01,9.078944325447082520e-01,5.032491087913513184e-01
2.027970552444458008e-01,1.090134263038635254e+00,-8.028767108917236328e-01,1.904440075159072876e-01,2.022317051887512207e-01,4.913469254970550537e-01
-5.479530692100524902e-01,2.717366442084312439e-02,4.312995970249176025e-01,-1.070046573877334595e-01,7.392709255218505859e-01,-9.398266673088073730e-01
1.248136311769485474e-01,6.037194132804870605e-01,-3.920087516307830811e-01,1.758028417825698853e-01,3.872902691364288330e-01,1.504461526870727539e+00
1.407670527696609497e-01,8.172789216041564941e-01,-4.362004697322845459e-01,2.047348767518997192e-01,9.849778413772583008e-01,1.144927263259887695e+00
8.052583932876586914e-01,7.947295904159545898e-01,-1.961629241704940796e-01,-3.149824440479278564e-01,1.478807777166366577e-01,5.435810685157775879e-01
8.672996759414672852e-01,-3.147113025188446045e-01,-4.833850264549255371e-01,1.544703096151351929e-01,7.802205532789230347e-02,2.200465947389602661e-01
7.160634994506835938e-01,5.360652804374694824e-01,-3.731557130813598633e-01,1.224744692444801331e-01,-1.998996138572692871e-01,8.825623989105224609e-01
8.493883907794952393e-02,2.974693775177001953e-01,5.972067713737487793e-01,-9.530975222587585449e-01,5.017763376235961914e-01,-3.761643469333648682e-01
-6.692180633544921875e-01,1.622811108827590942e-01,7.667751908302307129e-01,-5.341337919235229492e-01,5.418960452079772949e-01,-6.947120279073715210e-02
-1.083164453506469727e+00,3.176579773426055908e-01,3.576066792011260986e-01,-3.955384716391563416e-02,6.452334523200988770e-01,1.854135841131210327e-01
1.703027077019214630e-02,2.936748862266540527e-01,-2.578917145729064941e-01,1.587196737527847290e-01,1.026290297508239746e+00,-1.227000951766967773e-01
-1.051625132560729980e+00,-4.225518107414245605e-01,-4.570125639438629150e-01,4.993819892406463623e-01,1.577547341585159302e-01,8.312433958053588867e-02
3.414907753467559814e-01,6.077701449394226074e-01,-9.300722181797027588e-02,-9.992528706789016724e-02,1.003157734870910645e+00,-8.657898306846618652e-01
3.751282095909118652e-01,1.885586529970169067e-01,-1.305540949106216431e-01,8.329404890537261963e-02,9.751743674278259277e-01,1.081231832504272461e+00
4.414342045783996582e-01,-8.425076603889465332e-01,-2.422029972076416016e-01,2.847093939781188965e-01,-4.929606020450592041e-01,5.172133445739746094e-02
-8.216522634029388428e-02,3.699108660221099854e-01,2.296751141548156738e-01,1.814583241939544678e-01,2.217359542846679688e-01,1.124219894409179688e+00
-3.828181028366088867e-01,6.997879743576049805e-01,-2.924778759479522705e-01,4.935956373810768127e-02,2.534186840057373047e-01,1.180167436599731445e+00
-1.091484446078538895e-02,-1.234450697898864746e+00,1.361902356147766113e-01,4.403081834316253662e-01,1.587979346513748169e-01,-4.625217318534851074e-01
2.640906572341918945e-01,4.426693022251129150e-01,6.287205815315246582e-01,-7.418726086616516113e-01,1.544992327690124512e-01,-7.968292832374572754e-01
-1.078210711479187012e+00,3.336682170629501343e-02,1.952748894691467285e-01,-1.561631262302398682e-01,-6.923348903656005859e-01,3.710745871067047119e-01
9.712979197502136230e-01,4.128374159336090088e-01,4.475190043449401855e-01,-1.409474015235900879e-01,2.880411446094512939e-01,-5.837044715881347656e-01
1.966347247362136841e-01,-2.400345802307128906e-01,3.130310177803039551e-01,3.411214649677276611e-01,2.552992664277553558e-02,1.142331600189208984e+00
2.929197549819946289e-01,9.725400805473327637e-01,-3.180016279220581055e-01,5.444992780685424805e-01,-2.540565729141235352e-01,9.923228621482849121e-01
7.496444582939147949e-01,1.673728078603744507e-01,-1.176306828856468201e-01,1.596067994832992554e-01,8.818977475166320801e-01,-3.566939011216163635e-02
4.342532455921173096e-01,4.261602759361267090e-01,-3.775043189525604248e-01,7.740727663040161133e-01,7.945243120193481445e-01,7.137512564659118652e-01
-8.252575248479843140e-02,-1.182136535644531250e+00,3.759853541851043701e-01,-2.429922372102737427e-01,4.334427416324615479e-03,5.283169150352478027e-01
-5.600209906697273254e-02,-5.426369905471801758e-01,1.655778139829635620e-01,-4.929659068584442139e-01,-8.292129635810852051e-01,7.873710989952087402e-01
2.107636444270610809e-02,-1.247736692428588867e+00,4.661579132080078125e-01,1.041479781270027161e-01,-1.227839570492506027e-02,-8.576137423515319824e-01
2.941671907901763916e-01,5.346935614943504333e-02,-6.573902964591979980e-01,1.448852270841598511e-01,-5.171442627906799316e-01,1.355549931526184082e+00
1.936494559049606323e-01,-1.342699229717254639e-01,-7.910401821136474609e-01,-4.837964475154876709e-02,9.026883244514465332e-01,5.987628698348999023e-01
-1.183456704020500183e-01,-5.345847606658935547e-01,6.645148992538452148e-01,5.447286367416381836e-01,-1.437387466430664062e-01,-2.737435102462768555e-01
6.961542367935180664e-01,-1.947893053293228149e-01,-7.905251383781433105e-01,2.315117269754409790e-01,4.378495514392852783e-01,-3.981582820415496826e-02
7.045842409133911133e-01,-6.726035475730895996e-01,1.495635230094194412e-02,6.569330692291259766e-01,7.956545054912567139e-02,-3.061931729316711426e-01
6.166133880615234375e-01,-2.039210945367813110e-01,4.508230388164520264e-01,-2.526269294321537018e-02,1.156171783804893494e-01,1.046640396118164062e+00
-1.308752298355102539e-01,1.307416319847106934e+00,-3.942819312214851379e-03,2.141273021697998047e-01,1.367536280304193497e-02,1.039630651473999023e+00
-3.502324521541595459e-01,7.854884862899780273e-01,2.745997607707977295e-01,-1.380001902580261230e-01,9.487498551607131958e-02,9.986595511436462402e-01
-7.103122770786285400e-02,1.128438264131546021e-01,9.962838888168334961e-01,-8.373830467462539673e-02,8.175806403160095215e-01,-7.475640177726745605e-01
-1.077018156647682190e-01,-5.794324874877929688e-01,1.246537685394287109e+00,-1.913661137223243713e-02,-2.662956416606903076e-01,-8.760781884193420410e-01
2.626653313636779785e-01,-1.466280519962310791e-01,-7.984501123428344727e-01,-4.794405400753021240e-01,4.842348694801330566e-01,9.687684774398803711e-01
3.813914060592651367e-01,9.666164964437484741e-02,9.689725041389465332e-01,-5.983163118362426758e-01,1.824415475130081177e-01,1.278324276208877563e-01
